<?xml version="1.0" encoding="UTF-8"?>
<metadata xml:lang="es"><Esri><CreaDate>20160727</CreaDate><CreaTime>12421400</CreaTime><ArcGISFormat>1.0</ArcGISFormat><SyncOnce>TRUE</SyncOnce><DataProperties><lineage><Process ToolSource="c:\program files (x86)\arcgis\desktop10.3\ArcToolbox\Toolboxes\Conversion Tools.tbx\RasterToPoint" Date="20160727" Time="124214">RasterToPoint D:\PERSONAL\Dropbox\vector2anim\data\tmp\u_current.tif D:\PERSONAL\Dropbox\vector2anim\data\tmp\ptos.shp Value</Process><Process ToolSource="c:\program files (x86)\arcgis\desktop10.3\ArcToolbox\Toolboxes\Spatial Analyst Tools.tbx\ExtractMultiValuesToPoints" Date="20160727" Time="124251">ExtractMultiValuesToPoints ptos "D:\PERSONAL\Dropbox\vector2anim\data\tmp\u_current.tif u_current;D:\PERSONAL\Dropbox\vector2anim\data\tmp\v_current.tif v_current" NONE</Process><Process ToolSource="c:\program files (x86)\arcgis\desktop10.3\ArcToolbox\Toolboxes\Data Management Tools.tbx\CalculateField" Date="20160727" Time="124523">CalculateField ptos u_current "u_current * 0.001" VB #</Process><Process ToolSource="c:\program files (x86)\arcgis\desktop10.3\ArcToolbox\Toolboxes\Spatial Analyst Tools.tbx\ExtractMultiValuesToPoints" Date="20160727" Time="124805">ExtractMultiValuesToPoints D:\PERSONAL\Dropbox\vector2anim\data\tmp\ptos.shp "D:\PERSONAL\Dropbox\vector2anim\data\tmp\u_current.tif u_current;D:\PERSONAL\Dropbox\vector2anim\data\tmp\v_current.tif v_curren_1" NONE</Process><Process ToolSource="c:\program files (x86)\arcgis\desktop10.3\ArcToolbox\Toolboxes\Data Management Tools.tbx\CalculateField" Date="20160727" Time="125033">CalculateField ptos u "[u_current] * 0.001" VB #</Process><Process ToolSource="c:\program files (x86)\arcgis\desktop10.3\ArcToolbox\Toolboxes\Data Management Tools.tbx\CalculateField" Date="20160727" Time="125116">CalculateField ptos v "[v_curren_1] * 0.001" VB #</Process><Process ToolSource="c:\program files (x86)\arcgis\desktop10.3\ArcToolbox\Toolboxes\Data Management Tools.tbx\CalculateField" Date="20160727" Time="130826">CalculateField ptos dir "(180/3.1415) * math.atan2( !u!, !v!)" PYTHON_9.3 #</Process><Process ToolSource="c:\program files (x86)\arcgis\desktop10.3\ArcToolbox\Toolboxes\Data Management Tools.tbx\CalculateField" Date="20160727" Time="131155">CalculateField ptos vel math.sqrt( !u! *  !u! + !v! *  !v! ) PYTHON_9.3 #</Process><Process ToolSource="c:\program files (x86)\arcgis\desktop10.3\ArcToolbox\Toolboxes\Data Management Tools.tbx\CalculateField" Date="20160727" Time="131431">CalculateField ptos dir "(180/3.1415) * math.atan2( !u!, !v!)" PYTHON_9.3 #</Process><Process ToolSource="c:\program files (x86)\arcgis\desktop10.3\ArcToolbox\Toolboxes\Data Management Tools.tbx\CalculateField" Date="20160727" Time="131500">CalculateField ptos vel math.sqrt( !u! *  !u! + !v! *  !v! ) PYTHON_9.3 #</Process></lineage></DataProperties></Esri></metadata>
